<question type="output">
	<estimated_time>30</estimated_time>
	<concepts>
		<concept>Boolean Statements</concept>
	</concepts>
	<difficulty>1</difficulty>
	<instructions>
		What is the given output of this program?
	</instructions>
	<problem>
#include &lt;iostream&gt;
using namespace std;

int main()
{
	int `s1` = `s2`;
	cout &lt;&lt; (`s1` `s3` `s4`) &lt;&lt; endl;
}
	</problem>
	
	<substitutions>
		<substitution val="s1">randset(array("a","b","x","g"))</substitution>
		<substitution val="s2">rand(1,10)</substitution>
		<substitution val="s3">randset(array("&lt;","==","&gt;"))</substitution>
		<substitution val="s4">rand(%s2%-1,%s2%+1)</substitution>
	</substitutions>
</question>