<question type="output">
	<estimated_time>180</estimated_time>
	<concepts>
		<concept>Incrementation</concept>
	</concepts>
	<difficulty>3</difficulty>
	<instructions>
		What is the given output of this program?
	</instructions>
	<problem>
#include &lt;iostream&gt;
using namespace std;

int main()
{
	int `s0` = `s1`, `s2` = `s3`;
	`s0` `s5`= `s2`;
	cout &lt;&lt; `s0`;
}
	</problem>
	
	<substitutions>
		<substitution val="s0">randset(array("a","b"))</substitution>
		<substitution val="s1">rand(2,32)</substitution>
		<substitution val="s2">randset(array("x","y","z"))</substitution>
		<substitution val="s3">rand(12,25)</substitution>
		<substitution val="s5">randset(array("+","-","%"))</substitution>
	</substitutions>
</question>