<question type="output">
	<estimated_time>60</estimated_time>
	<concepts>
		<concept>Methods - Basic</concept>
	</concepts>
	<difficulty>2</difficulty>
	<instructions>
		Look at the method below. It will be the same method for this set of questions.
	</instructions>
	<problem>
#include &lt;iostream&gt;
using namespace std;

//The 'fun' method
int fun(int x){
	return x*x;
}

//Main Program begins here
int main()
{
	int `s0` = fun(`s1` * `s2`);
	cout &lt;&lt; `s0` &lt;&lt; endl;
}



	</problem>
	
	<substitutions>
		<substitution val="s0">randset(array("var","par","yaw","gotcha"))</substitution>
		<substitution val="s1">rand(4,10)</substitution>
		<substitution val="s2">rand(4,10)</substitution>
	</substitutions>
</question>