<question type="output">
	<estimated_time>180</estimated_time>
	<concepts>
		<concept>Precedence Rules</concept>
		<concept>Mixed Expressions</concept>
	</concepts>
	<difficulty>2</difficulty>
	<instructions>
		What is the given output of this program?
	</instructions>
	<problem>
#include &lt;iostream&gt;
using namespace std;

int main()
{
	int `s0` = `s1`;
	float `s2` = `s3`;

	cout &lt;&lt; `s0`/`s4`*`s2` &lt;&lt; endl;
}
	</problem>
	
	<substitutions>
		<substitution val="s0">randset(array("t","a"))</substitution>
		<substitution val="s1">rand(2,20)</substitution>
		
		<substitution val="s2">randset(array("c","d"))</substitution>
		<substitution val="s3">return rand(1,10) . "." . rand(1,9);</substitution>
		
		<substitution val="s4">randset(array("2","4"))</substitution>
		
		
	</substitutions>
</question>