<question type="output">
	<estimated_time>180</estimated_time>
	<concepts>
		<concept>Arithmetic Operators</concept>
	</concepts>
	<difficulty>3</difficulty>
	<instructions>
		What is the given output of this program?
	</instructions>
	<problem>
#include &lt;iostream&gt;
using namespace std;

int main()
{
	int `s4` = `s1`;
	cout &lt;&lt; `s5``s2``s3``s4``s6` &lt;&lt; endl;
}
	</problem>
	
	<substitutions>
		<substitution val="s2">rand(6,7)</substitution>
		<substitution val="s1">rand(12,15)</substitution>
		<substitution val="s3">randset(array("%","/"))</substitution>
		<substitution val="s4">randset(array("t","u","v"))</substitution>
		<substitution val="s5">if(rand(0,1)){ return "-(";}</substitution>
		<substitution val="s6">
			if("%s5%"=="-(")
				return ")"; 
			else
				return "";
		</substitution>
	</substitutions>
</question>