<question type="output">
	<estimated_time>120</estimated_time>
	<concepts>
		<concept>Arithmetic Operators</concept>
	</concepts>
	<difficulty>3</difficulty>
	<instructions>
		What is the given output of this program?
	</instructions>
	<problem>
#include &lt;iostream&gt;
using namespace std;

int main()
{
	int `s4` = `s1`, `s5`= `s2`;
	cout &lt;&lt; `s4``s3``s5` &lt;&lt; endl;
}
	</problem>
	
	<substitutions>
		<substitution val="s2">rand(2,7)</substitution>
		<substitution val="s1">rand(3,12)</substitution>
		<substitution val="s3">randset(array("%","/"))</substitution>
		<substitution val="s4">randset(array("a","c","e","g"))</substitution>
		<substitution val="s5">randset(array("b","d","f","h"))</substitution>
	</substitutions>
</question>